name,file,x,y,z,qw,qx,qy,qz,rotX_deg,rotY_deg,rotZ_deg
"240906_Gr3_EG_UG- 1","240906_Gr3_EG_UG-_1.jpg",2648878.4511361727,1177555.1924980893,654.2312601818711,-0.00008074379466694055,0.8105733442269456,0.5856371139324781,0.000133768542907691,-179.98352304082857,0.0070064318675537186,-71.69602591846967
"240906_Gr3_EG_UG- 3","240906_Gr3_EG_UG-_3.jpg",2648878.262288525,1177554.4001293418,654.2657371804889,0.000032631755550054744,0.19908531909831054,0.9799821540943434,0.0001109563117811149,0.011715692400914208,179.9938042279557,22.96695169702563
"240906_Gr3_EG_UG- 4","240906_Gr3_EG_UG-_4.jpg",2648877.2593992893,1177554.0404141094,654.1762418792769,-0.00015117484588052495,0.9961310503082388,0.08788007304605878,-0.000022790139858363043,-179.9829731655212,-0.004123831929412692,-10.083321355816306
"240906_Gr3_EG_UG- 5","240906_Gr3_EG_UG-_5.jpg",2648876.6988301068,1177553.0501546364,654.1687043286415,-0.0000481609564261028,0.9280892287628155,0.372357839310819,0.0001436619053751087,-179.98874810529682,0.013223631951487983,-43.722211873688906
"240906_Gr3_EG_UG- 6","240906_Gr3_EG_UG-_6.jpg",2648875.3143943017,1177552.819873388,654.1670162064127,0.00004580466814479757,0.4297195646586049,0.9029623928687744,0.0001035193151803028,0.008455812879979598,179.99016298292952,50.89952828396576
"240906_Gr3_EG_UG- 7","240906_Gr3_EG_UG-_7.jpg",2648874.8268441516,1177552.9418216099,654.16446277595,0.00004687382380596499,-0.1203491901627587,0.9927316195213147,0.00004280888292247846,0.0055163183213160286,179.99525807378424,-13.824511769651798
"240906_Gr3_EG_UG- 8","240906_Gr3_EG_UG-_8.jpg",2648874.3865065207,1177553.1161434052,654.2880794214931,0.00006140247952341687,-0.11793114720404847,0.9930217653337551,0.00011967583460794052,0.014447930113727551,179.99463018336976,-13.545437201756446
"240906_Gr3_EG_UG- 9","240906_Gr3_EG_UG-_9.jpg",2648873.0375204408,1177553.48275963,654.2884149268052,0.00003657286747807039,0.0015402209825955172,0.9999988085462065,0.00009637384329180116,0.011037160915536345,179.99579205345813,0.17649598906283698
"240906_Gr3_EG_UG- 10","240906_Gr3_EG_UG-_10.jpg",2648874.3139247065,1177554.7948293197,654.2936998612935,-0.00008427141647127478,0.7790448592916671,0.6269681697498456,0.00011928991597752144,-179.98390650976427,0.004594743376650627,-77.65358588774828
"240906_Gr3_EG_UG- 11","240906_Gr3_EG_UG-_11.jpg",2648872.5163306054,1177554.5722788956,654.3110390482311,0.0000062942836605331,0.5662225099688887,0.8242524249981035,0.00009512969922739405,0.008576825364135158,179.99323306410983,68.97445528524705
"240906_Gr3_EG_UG- 12","240906_Gr3_EG_UG-_12.jpg",2648872.62325451,1177551.0463821988,654.32100783568,0.0001320430984539692,0.37517322710590256,0.9269547017320238,0.00011473647148110797,0.006510688972076668,179.98104151110223,44.07003909644875
"240906_Gr3_EG_UG- 13","240906_Gr3_EG_UG-_13.jpg",2648877.6629653983,1177551.8668990883,654.1580684299944,-0.0001525101040852416,0.9335403051769053,-0.3584724159233114,0.00004871327464157632,-179.98568614288405,0.011475940289705468,42.0128220452471
"240906_Gr3_EG_UG- 14","240906_Gr3_EG_UG-_14.jpg",2648878.483134641,1177551.6454330946,654.3197898926509,0.00008618026647377195,-0.5933759935818937,0.8049254123856144,-0.00005752834817485179,0.0005536229872535749,179.9881392433079,-72.79389401362305
"240906_Gr3_EG_UG- 15","240906_Gr3_EG_UG-_15.jpg",2648880.2911097524,1177551.138708493,654.3130807374109,0.00011862163455156588,-0.2798104501921646,0.960055256831452,0.00004150254200872309,0.00836934444291518,179.98828066630318,-32.49778534595225
"240906_Gr3_EG_UG- 16","240906_Gr3_EG_UG-_16.jpg",2648880.0984041197,1177553.0685494873,654.3226471974823,-0.00009477352671050515,0.8103832520277656,-0.5859001390621562,0.00005383147325746277,-179.99481324088114,0.011361976243218953,71.73321236195254
"240906_Gr3_EG_UG- 17","240906_Gr3_EG_UG-_17.jpg",2648881.8728038506,1177550.733170635,654.3228490903879,0.00007698587300377933,-0.13327023463941398,0.9910797333261832,0.000028678088023516412,0.00443265333353104,179.99169472428912,-15.317216006674405
"240906_Gr3_EG_UG- 18","240906_Gr3_EG_UG-_18.jpg",2648878.7104550195,1177550.4306631929,654.6227662582464,0.00002555764838914027,0.6257826089246469,0.779997513533095,0.00006779718641267268,0.004227065491230578,179.99285393257728,77.47930387318148
"240906_Gr3_EG_UG- 20","240906_Gr3_EG_UG-_20.jpg",2648879.5985378586,1177548.773112987,654.3186799582572,0.00011987308043554396,0.09871722479882544,0.9951155184834335,0.000005648905171911092,-0.0007118685257837167,179.98626675077585,11.330614905953997
"240906_Gr3_EG_UG- 21","240906_Gr3_EG_UG-_21.jpg",2648879.598549352,1177548.7731099,654.3187104488356,0.00006413066813885799,0.0987179167072495,0.9951154514362912,0.00008438592522105156,0.008897220183199599,179.99173246862378,11.33069383676376
"240906_Gr3_EG_UG- 22","240906_Gr3_EG_UG-_22.jpg",2648880.5410096413,1177546.9908845776,654.2875282015281,0.000025884117894323927,0.9701562480418202,-0.24248060568688454,0.00009788336218090128,179.9944026083974,0.01016263941925408,28.065988834458143
"240906_Gr3_EG_UG- 23","240906_Gr3_EG_UG-_23.jpg",2648877.7984159007,1177547.513422063,654.2898368515719,-0.00003310155152502543,0.9993465593708517,-0.03614487984457706,-0.00002896461807133927,-179.9960893517018,-0.003179828653313342,4.142800640769876
"240906_Gr3_EG_UG- 24","240906_Gr3_EG_UG-_24.jpg",2648878.282093054,1177548.5875901645,654.2897312386348,0.00008437629340838643,0.9245784167002083,0.3809917834048795,0.00007232389931109335,179.9942179746999,0.011346373912134233,-44.79025879752324
"240906_Gr3_EG_UG- 25","240906_Gr3_EG_UG-_25.jpg",2648876.676688605,1177547.5346830988,654.2739718384489,-0.00009737441939553846,0.8622197689282384,-0.5065343614566303,0.00003537345994668147,-179.9924323416453,0.009147063347504546,60.866519285411115
"240906_Gr3_EG_UG- 26","240906_Gr3_EG_UG-_26.jpg",2648875.7997263176,1177548.376588166,654.1645569730167,0.0001082178035021803,-0.24857710854715434,0.9686121022780266,0.00006867157452793497,0.010704752554106066,179.9899444883458,-28.786658718414895
"240906_Gr3_EG_UG- 27","240906_Gr3_EG_UG-_27.jpg",2648875.520721831,1177549.8353882835,654.1576112051966,-0.00007072754906251888,0.991972645959436,-0.12645260105185144,0.00006597780251631751,-179.99291632452537,0.00852467900496565,14.529298336381732
"240906_Gr3_EG_UG- 28","240906_Gr3_EG_UG-_28.jpg",2648873.7554262034,1177548.7432088086,654.1872941009143,-0.0000021977473388182386,0.8780210601372029,0.47862198803701533,0.00010255831191359255,-179.994153958925,0.010198244018425326,-57.19088184808646
"240906_Gr3_EG_UG- 29","240906_Gr3_EG_UG-_29.jpg",2648872.260084167,1177549.1391524768,654.2344086513096,0.00008435400705639438,0.5031137524734502,0.8642201888440136,0.000100751689927362,0.005114448731170457,179.9858376294544,60.41243776726348
"240906_Gr3_EG_UG- 30","240906_Gr3_EG_UG-_30.jpg",2648870.2131141666,1177549.7407654917,654.3103138434295,0.00006164854007342227,-0.030234612962000914,0.9995428267853038,0.00004243276142973139,0.005073802823865808,179.9930858411992,-3.4651598239460033
"240906_Gr3_EG_UG- 31","240906_Gr3_EG_UG-_31.jpg",2648881.3426495297,1177539.1424327495,653.8506981348542,0.00008438723706525392,0.12215670170946002,0.992510822392918,0.00002322055195774038,0.001459688222333086,179.990077311495,14.0331766436842
"240906_Gr3_EG_UG- 32","240906_Gr3_EG_UG-_32.jpg",2648884.8783119856,1177553.7254745886,652.3921727677347,-0.00011647108552097819,-0.14901112960265234,0.9888355114888917,0.00003012523439837008,0.0014247642831497925,-179.9862880036374,-17.139248815771953
"240906_Gr3_EG_UG- 33","240906_Gr3_EG_UG-_33.jpg",2648871.3305449733,1177557.607196187,654.033001865293,-0.00010316070328224918,0.7295052458615373,-0.6839751990897657,-0.00011246547375846181,-179.98256147128325,-0.0013160600508208948,86.31013259137998
"240906_Gr3_EG_UG- TLS004","240906_Gr3_EG_UG-_TLS004.jpg",2648869.1006703656,1177550.0507145335,654.1458536097241,0.00014894413346670918,0.4910460043411606,0.8711336247173647,0.00008557459862994727,0.00016140092316696704,179.98031645767927,58.81871215580627
"240906_Gr3_EG_UG- TLS007","240906_Gr3_EG_UG-_TLS007.jpg",2648868.835340363,1177548.9576966637,654.1232485114725,0.00014548450173635538,0.9430455940867553,0.3326633506575028,0.00028537193679295796,179.99515670270037,0.03638466844725325,-38.86102051987633
"240906_Gr3_EG_UG- TLS008","240906_Gr3_EG_UG-_TLS008.jpg",2648867.2614899524,1177549.4542422076,654.1335208796069,0.00018135240577492678,0.6162416194596185,0.7875571294761654,-0.00003699126888084289,-0.016144763920756172,179.98624559558715,76.08439160771103
"240906_Gr3_EG_UG- TLS009","240906_Gr3_EG_UG-_TLS009.jpg",2648866.9271761235,1177549.30854311,654.1347524612657,0.000056921160091584696,-0.026921942117876393,0.9996375356361543,-0.00005603445225333776,-0.006243144552957124,179.99330681193297,-3.085399752743644
"240906_Gr3_EG_UG- TLS010","240906_Gr3_EG_UG-_TLS010.jpg",2648869.8360361746,1177548.5473418925,654.1435771576388,-0.00017329913572165068,0.885802041077213,-0.46406325889100886,0.00007575163019528002,-179.986437494715,0.01690485761350455,55.299228285941375
"240906_Gr3_EG_UG- TLS011","240906_Gr3_EG_UG-_TLS011.jpg",2648871.135932201,1177548.323968377,654.15543167509,0.00011520473810710288,0.6859341714825538,0.7276635801755174,0.00011491979499049774,0.000527130695782842,179.9813607994903,86.61823893850622
"240906_Gr3_EG_UG- TLS012","240906_Gr3_EG_UG-_TLS012.jpg",2648871.0727524916,1177546.9147040704,654.1566809478124,0.00015128395583181457,0.7091860124603999,0.7050213945809732,0.00010013382061294428,179.99579540859241,0.020359703936349595,-89.66254615120742
"240906_Gr3_EG_UG- TLS013","240906_Gr3_EG_UG-_TLS013.jpg",2648870.0705142836,1177545.354215714,654.145978925845,0.00015236196297538972,0.08119161696928434,0.9966984937567801,-0.00010326040386891041,-0.013211261860841721,179.98355896898542,9.314128442507181
"240906_Gr3_EG_UG- TLS015","240906_Gr3_EG_UG-_TLS015.jpg",2648870.3026881176,1177544.0436392375,654.1031669344375,0.00010590610938050373,0.9899899169870666,-0.14113804494944776,0.00007290874283503792,179.98680636567596,0.006558251298464172,16.227411582996066
"240906_Gr3_EG_UG- TLS016","240906_Gr3_EG_UG-_TLS016.jpg",2648869.1798859034,1177542.6130220355,654.0268248470547,-0.000037304900667482924,0.9906514314496991,0.1364175123966024,-0.00004781766780575011,-179.99651263667218,-0.006011436850200688,-15.681191347779444
"240906_Gr3_EG_UG- TLS017","240906_Gr3_EG_UG-_TLS017.jpg",2648868.0778657068,1177544.6138392822,654.054205295794,-0.0000023728047552205428,0.9690191191946117,0.24698569168971807,0.0001213681192122222,-179.9963015020901,0.013409731153964004,-28.59842536370346
"240906_Gr3_EG_UG- TLS018","240906_Gr3_EG_UG-_TLS018.jpg",2648866.7654700032,1177543.8956949199,654.0592655892219,0.00003855789965458283,0.1771118454817084,0.9841907298319461,0.000004026555620790702,-0.00032843797876510206,179.99556972094598,20.403155935878097
"240906_Gr3_EG_UG- TLS019","240906_Gr3_EG_UG-_TLS019.jpg",2648865.316891101,1177544.054969177,654.1034047768777,0.000027961829586483898,-0.028191087836733207,0.9996025517476629,-0.000018007752975413617,-0.001972386750880564,179.99673891051387,-3.230888699287467
"240906_Gr3_EG_UG- TLS020","240906_Gr3_EG_UG-_TLS020.jpg",2648866.1328813382,1177546.0890990149,654.1080033000159,0.00003356965708658781,0.9996794629762368,-0.025317233604255536,0.00008865240238348735,179.99589724049022,0.010058170457674999,2.9014516518936984
"240906_Gr3_EG_UG- TLS021","240906_Gr3_EG_UG-_TLS021.jpg",2648868.0142210308,1177546.1748962079,654.0927714594999,-0.000012331507364408085,0.9999817268406165,-0.006044858420063559,0.00007429316110546289,-179.99863840126358,0.008521755530083304,0.6926938697408628
"240906_Gr3_EG_UG- TLS022","240906_Gr3_EG_UG-_TLS022.jpg",2648867.6763642747,1177547.8074244596,654.0888518228425,0.00009216118039246487,0.6841811429353633,0.7293121051509911,0.00009185971101168653,0.0004514285897705805,179.98509588401467,86.34248617975189
"240906_Gr3_EG_UG- TLS024","240906_Gr3_EG_UG-_TLS024.jpg",2648869.311507358,1177551.501873058,654.0929532871863,0.000014727030393243628,0.9718697861578047,0.23551881770284355,0.00007102501109634627,-179.9997232647325,0.008307378714213316,-27.24441462459641
"240906_Gr3_EG_UG- TLS025","240906_Gr3_EG_UG-_TLS025.jpg",2648871.244847189,1177554.3197208743,654.0751257721911,0.00017909190438588374,-0.6868265474886037,0.7268213397174987,-0.000041499816016723286,0.010638924157085275,179.98181764320785,-86.75885273424593
"240906_Gr3_EG_UG- TLS026","240906_Gr3_EG_UG-_TLS026.jpg",2648871.629775336,1177555.7831011985,654.0438512572432,0.00013361569774380627,-0.5225362650229785,0.8526170482238473,0.00005441263303432913,0.013316935910332868,179.99020351626035,-63.0050687142627
"240906_Gr3_EG_UG- TLS027","240906_Gr3_EG_UG-_TLS027.jpg",2648872.1373713836,1177557.069238394,654.032553211504,0.00009406592630039347,-0.05810986691406418,0.9983101861385675,0.00008228493147753841,0.010039600890009001,179.98978698072617,-6.662654478361687
"240906_Gr3_EG_UG- TLS028","240906_Gr3_EG_UG-_TLS028.jpg",2648871.260571727,1177558.2239155893,653.9971306582052,0.0000519044012524097,-0.09333699125013291,0.995634555292481,0.0001888858101652758,0.022105381579212623,179.99609841154782,-10.711223189029369
"240906_Gr3_EG_UG- TLS029","240906_Gr3_EG_UG-_TLS029.jpg",2648871.260158535,1177558.2244847587,653.9974270523604,-0.000018649402716465373,-0.09330316395462476,0.9956377278967211,0.0001844909509214588,0.020849488105118896,-179.99589972626896,-10.707328356555308
"240906_Gr3_EG_UG- TLS030","240906_Gr3_EG_UG-_TLS030.jpg",2648873.556166779,1177557.602435427,654.0286076131495,-0.00011388877867048994,0.7002096702689375,0.7139372368210685,0.00016300769773938434,0.022474074125839592,179.99623794463736,88.88765807836467
"240906_Gr3_EG_UG- TLS031","240906_Gr3_EG_UG-_TLS031.jpg",2648875.4701415272,1177556.9643768528,654.0218703744126,-0.00009596793320625237,0.9776433168170138,-0.2102701216419999,-0.00010870990071600935,-179.98662935887532,-0.009866369826206334,24.27636646562392
"240906_Gr3_EG_UG- TLS032","240906_Gr3_EG_UG-_TLS032.jpg",2648874.1511573517,1177556.4816121897,654.0856750688522,-0.00016246139936013034,0.9637110166149472,0.26694765408886095,-0.00000614267733758387,-179.98224678007458,-0.005648040939487684,-30.96542934915443
"240906_Gr3_EG_UG- TLS033","240906_Gr3_EG_UG-_TLS033.jpg",2648876.4619455263,1177556.6003576256,654.2586874758324,-0.00014427465493496217,0.7189901257712252,0.6950202610387359,0.00012236808838529103,-179.97836736451234,-0.0014086008199127315,-88.05766526535731
"240906_Gr3_EG_UG- TLS034","240906_Gr3_EG_UG-_TLS034.jpg",2648876.4062709566,1177555.6415372223,654.26568434355,-0.000039464083981403625,0.155021735111697,0.9879110351841262,0.00021597910416172353,0.025151235843381463,-179.9993691106045,17.83611421172132
"240906_Gr3_EG_UG- TLS035","240906_Gr3_EG_UG-_TLS035.jpg",2648878.7993910187,1177555.9168473782,654.2611980735509,-0.00012660757980356927,0.9795835817331788,-0.20103728246383398,-0.00003780044621978302,-179.98491722901136,-0.0013264950099084942,23.195246451976736
"240906_Gr3_EG_UG- TLS036","240906_Gr3_EG_UG-_TLS036.jpg",2648879.1461933265,1177554.697760195,653.904083335637,0.00008239121000165367,-0.5795590657927824,0.8149302240257134,0.00011152796294800068,0.015886753991901766,179.99971282837257,-70.83907212349784
"240906_Gr3_EG_UG- TLS037","240906_Gr3_EG_UG-_TLS037.jpg",2648880.3729700292,1177554.2224241304,653.1880680338377,0.00007063303919509915,-0.5560591395994628,0.8311427098162448,0.00015555766924590255,0.019316329341619594,-179.9968151421169,-67.56739400164359
"240906_Gr3_EG_UG- TLS038","240906_Gr3_EG_UG-_TLS038.jpg",2648881.4853816642,1177553.9555951115,652.4403668596038,0.00007288925120161138,-0.5583620553769522,0.829597373027659,0.00009202168064984979,0.013411743096476378,179.9989586702266,-67.88519760976209
"240906_Gr3_EG_UG- TLS039","240906_Gr3_EG_UG-_TLS039.jpg",2648882.645557635,1177553.6643518428,652.3928462614726,-0.000011409777159813287,-0.5379531584942191,0.8429747287740307,0.00007605432321150426,0.006643324997863468,-179.9942094802773,-65.08881964878314
"240906_Gr3_EG_UG- TLS040","240906_Gr3_EG_UG-_TLS040.jpg",2648882.435117414,1177552.8051497475,652.3717596255125,-0.00005805426226616935,-0.2531477592016324,0.9674276101201574,0.00016678757660212163,0.01680583821072035,-179.9887258867628,-29.327716538819153
"240906_Gr3_EG_UG- TLS041","240906_Gr3_EG_UG-_TLS041.jpg",2648882.1417354518,1177552.1937639504,652.3124557592099,-0.00003298198912897748,-0.3451063741415014,0.938563571607255,0.00010719574511810078,0.01022474446176759,-179.99221354611822,-40.37657831662016
"240906_Gr3_EG_UG- TLS042","240906_Gr3_EG_UG-_TLS042.jpg",2648881.7648787033,1177551.1625315344,652.3434057748138,-0.00012199775559498674,-0.5069719112775046,0.8619625626653524,0.0000827983082018374,0.0010908666084918114,-179.9831396950957,-60.92468043935069
"240906_Gr3_EG_UG- TLS043","240906_Gr3_EG_UG-_TLS043.jpg",2648880.0212564133,1177551.980379243,652.3471626392164,-0.00007455481330900396,0.6418451802906225,0.766834242664156,-0.00005706985615093837,0.0004686253595603882,-179.989251174659,79.85909637464482
"240906_Gr3_EG_UG- TLS044","240906_Gr3_EG_UG-_TLS044.jpg",2648879.414900211,1177551.1983300105,652.2978226959918,-0.00007432822680506674,0.4959018999940473,0.868378546520633,5.670288517405917e-7,0.004280213018415708,-179.99263590557746,59.45848093975163
"240906_Gr3_EG_UG- TLS045","240906_Gr3_EG_UG-_TLS045.jpg",2648879.5413068924,1177549.736499881,652.3464356930801,-0.000024409323668778495,0.1887199312706275,0.9820309488742609,-0.00004897462017676626,-0.00498336539525994,-179.9961940478309,21.756180418069796
"240906_Gr3_EG_UG- TLS046","240906_Gr3_EG_UG-_TLS046.jpg",2648881.010980141,1177549.039634302,652.4505988232386,-0.000058692716823347655,0.35235717404307376,0.935865597041243,-0.000052251141274698786,-0.0032336873944646062,-179.99159590557127,41.26311661368755
"240906_Gr3_EG_UG- TLS047","240906_Gr3_EG_UG-_TLS047.jpg",2648884.5453791623,1177552.8621995728,652.3371673055553,-0.00011442725978046361,-0.626548988381129,0.7793820251718191,0.00010442250710839985,0.0011104771959590224,-179.9822831860587,-77.59194015159235
"240906_Gr3_EG_UG- TLS048","240906_Gr3_EG_UG-_TLS048.jpg",2648883.535273503,1177551.589088236,652.4328129639738,0.000012688023378304446,-0.026558005672388772,0.999647273633885,0.000022137303295908684,0.0025744670778385767,179.99861394343344,-3.0436811770376524
"240906_Gr3_EG_UG- TLS049","240906_Gr3_EG_UG-_TLS049.jpg",2648883.6059664204,1177548.9483742374,652.4768624473348,0.00005078724169546048,0.2979335103519409,0.9545866207747232,0.00006532932542540567,0.005412305930048995,179.99221412042309,34.667054078041666
"240906_Gr3_EG_UG- TLS050","240906_Gr3_EG_UG-_TLS050.jpg",2648882.378938449,1177546.578303723,652.6473559870883,-0.000019699473307798674,0.9973611531261904,0.07259974524386993,0.00008268767529546812,-179.99706065845234,0.00928641959110426,-8.32664378572964
"240906_Gr3_EG_UG- TLS051","240906_Gr3_EG_UG-_TLS051.jpg",2648882.383772933,1177546.5817666557,652.6459246029202,0.00003053827049576138,0.9972301289094828,0.07437778452796666,0.00011929501982129572,179.9975270242265,0.013892617447037197,-8.53094402338275
"240906_Gr3_EG_UG- TLS052","240906_Gr3_EG_UG-_TLS052.jpg",2648881.3843556694,1177547.1349190103,652.4090240830661,-0.00010108872919932536,0.8983356030115477,-0.43930980198353026,0.0001789528968122818,-179.99860245923753,0.023510639450870674,52.11970506065658
"240906_Gr3_EG_UG- TLS053","240906_Gr3_EG_UG-_TLS053.jpg",2648880.5929238247,1177547.1452366612,652.374114590992,0.00012582590343491825,0.7352692857635371,-0.677775024145358,0.0002796880038245871,179.96767584242238,0.01379273797136088,85.34004744717153
"240906_Gr3_EG_UG- TLS054","240906_Gr3_EG_UG-_TLS054.jpg",2648880.5944126924,1177547.1446304482,652.374169710255,-0.00008555696719045444,0.7353659964324429,-0.6776701559993873,0.000060321570506686625,-179.99747468200883,0.011727052153901178,85.32369630673404
"240906_Gr3_EG_UG- TLS055","240906_Gr3_EG_UG-_TLS055.jpg",2648877.6174656046,1177547.7999435316,652.360680179185,0.0000916700960651876,-0.2933700916527409,0.955998943992048,-0.000002518933408773806,0.0028057934822092482,179.98987291422313,-34.11965367492306
"240906_Gr3_EG_UG- TLS056","240906_Gr3_EG_UG-_TLS056.jpg",2648882.364005875,1177544.065817264,653.0129633239068,-0.00003459730852683194,0.9633493910426832,-0.26824976417567814,0.00011662079982694367,-179.9997655692635,0.01393746164629485,31.12028846912566
"240906_Gr3_EG_UG- TLS057","240906_Gr3_EG_UG-_TLS057.jpg",2648882.5555925136,1177545.049961381,652.821222719958,-0.00011075135704754458,0.985796434516802,-0.1679445199945875,0.00012502753743121614,-179.98989524675181,0.01625501731034489,19.33665995114672
"240906_Gr3_EG_UG- TLS058","240906_Gr3_EG_UG-_TLS058.jpg",2648881.8919590404,1177542.9315088736,653.3776254226565,-0.00004367985436347184,0.9640616022798911,-0.26567879625886365,0.00004816679757121243,-179.99664095771413,0.006650959552218665,30.814581621797114
"240906_Gr3_EG_UG- TLS059","240906_Gr3_EG_UG-_TLS059.jpg",2648881.362961394,1177541.413637191,653.648731542647,-0.00005545467646934081,0.99973350609385,0.023084674882264462,0.00010725510237569074,-179.9933633326013,0.012140559386058862,-2.6455446116432446
"240906_Gr3_EG_UG- TLS060","240906_Gr3_EG_UG-_TLS060.jpg",2648880.706675057,1177538.8246870597,653.9055037605402,0.00003300393995616163,0.820131936892108,0.5721744273697789,0.00017223357745469928,-179.99180898765314,0.01835049409455669,-69.80399214163455
"240906_Gr3_EG_UG- TLS061","240906_Gr3_EG_UG-_TLS061.jpg",2648878.5693111503,1177539.3039643958,653.8857060523983,0.0001399399221628756,0.1334508216701911,0.9910554173926784,0.00013516283919300649,0.013209974332129898,179.9820405448077,15.33809411555788
"240906_Gr3_EG_UG- TLS062","240906_Gr3_EG_UG-_TLS062.jpg",2648876.8367879163,1177540.7182335972,653.8754267554402,0.00016151864008439885,-0.1441177251072108,0.9895605351187456,0.000050568303564090465,0.0084016354046113,179.98251966667797,-16.572385419436795
"240906_Gr3_EG_UG- TLS063","240906_Gr3_EG_UG-_TLS063.jpg",2648877.164225371,1177541.6057844367,653.8367988553139,0.00011588416078221598,0.2491422438446936,0.9684668815566909,0.00016802009095333756,0.015338110156920803,179.9823424862044,28.853519072990203
"240906_Gr3_EG_UG- TLS064","240906_Gr3_EG_UG-_TLS064.jpg",2648877.8893318158,1177543.0793041382,653.8714956788807,-0.0001079882295148764,0.9512626573275613,0.30838178120966353,0.0001487635851863468,-179.98297156195082,0.01240014071976032,-35.923474761897495
"240906_Gr3_EG_UG- TLS065","240906_Gr3_EG_UG-_TLS065.jpg",2648878.606491112,1177544.873881483,653.9656503349466,-0.00000518422434104805,0.9869363035648454,-0.16111079415644594,0.00021138865241318794,179.99668366332824,0.02400262020661766,18.54275422554129
"240906_Gr3_EG_UG- TLS066","240906_Gr3_EG_UG-_TLS066.jpg",2648874.1760992254,1177541.2476717918,654.1353056612678,0.00010849810488947938,0.6984260684632452,0.7156821966152571,0.00009255860950591185,-0.0010926713389557174,179.98369413570148,88.60172780676808
"240906_Gr3_EG_UG- TLS068","240906_Gr3_EG_UG-_TLS068.jpg",2648874.5941652297,1177542.48991417,654.1249766046325,0.00015391553932445268,0.237360069515642,0.9714217263757083,-0.0000568750815769508,-0.01051756817269334,179.984413596789,27.46156528395359
"240906_Gr3_EG_UG- TLS069","240906_Gr3_EG_UG-_TLS069.jpg",2648876.2550525316,1177545.7215654182,654.3047542849647,0.0000728290262271293,0.3361432950776074,0.9418108477422349,-0.00008333879354062494,-0.011799535199074325,179.9953501735835,39.28415298114359
"240906_Gr3_EG_UG- TLS070","240906_Gr3_EG_UG-_TLS070.jpg",2648872.1266525732,1177544.5176082284,654.261658262097,0.00012352053526673036,0.8480022766715954,-0.529992568773563,0.000023393766482684598,179.98657626130557,-0.0052284689042194354,64.00990541576405
"240906_Gr3_EG_UG- TLS071","240906_Gr3_EG_UG-_TLS071.jpg",2648867.848377711,1177540.6039538397,654.0066418822981,-0.000023797267734345652,0.7617144962172694,-0.6479128225964489,0.0000011243362779553184,-179.99800630718758,0.0018649751195840948,80.76884371685033
"240906_Gr3_EG_UG- TLS073","240906_Gr3_EG_UG-_TLS073.jpg",2648866.5433004913,1177536.939742405,653.8426543534531,-0.000024376300042834184,0.747764348216604,-0.6639642147737694,-0.000021020116478109478,-179.99631194707464,0.00005350248026910956,83.20582357561743
"240906_Gr3_EG_UG- TLS075","240906_Gr3_EG_UG-_TLS075.jpg",2648860.4816161483,1177546.8747764947,654.3241568869806,-0.00008411079309378385,0.9476866978881793,-0.319201994588982,0.000047133730728593605,-179.99258987956907,0.008195169217207606,37.22934319391733
"240906_Gr3_EG_UG- TLS076","240906_Gr3_EG_UG-_TLS076.jpg",2648863.459325649,1177552.6852196066,654.9683013133598,-0.0001881146911385161,0.9070212621631408,-0.42108478289998147,-0.000014384774050246942,-179.97975382134143,0.007581943416220473,49.806186258897
"240906_Gr3_EG_UG- TLS077","240906_Gr3_EG_UG-_TLS077.jpg",2648866.226882006,1177560.1784106947,654.4559878854753,-0.00010826237841028331,0.9965243079759578,-0.08330240920729486,0.000022639703555181444,-179.98785327745358,0.0036187477922698017,9.556827361424382
"240906_Gr3_EG_UG- TLS078","240906_Gr3_EG_UG-_TLS078.jpg",2648859.057071547,1177541.0082949752,653.8756114256931,-0.0000430843138726556,0.900670701151171,-0.4345023394459832,-0.00005698743131158732,-179.99271587849205,-0.003736449673432176,51.507262766622546
"240906_Gr3_EG_UG- TLS079","240906_Gr3_EG_UG-_TLS079.jpg",2648871.010507255,1177534.993681844,653.8333190062705,0.00003562941367179315,-0.29379328720099995,0.9558689779487684,0.000011016015968293408,0.0024061420514569624,179.99646821713753,-34.17038348955937
"240906_Gr3_EG_UG- TLS080","240906_Gr3_EG_UG-_TLS080.jpg",2648883.123477651,1177531.9468371498,653.6215414566108,-0.00010096378427012194,0.9464339301581974,-0.3228975105313875,0.00005782953445505708,-179.99118990988921,0.010007600401177688,37.676489210791495
"240906_Gr3_EG_UG- TLS081","240906_Gr3_EG_UG-_TLS081.jpg",2648886.788510382,1177541.7109145657,653.9819748461456,0.00011067736760113357,0.0174297387318658,0.99984808207187,0.00006881469536277715,0.007663329468921991,179.98718179086367,1.9974012368788638
"240906_Gr3_EG_UG- TLS082","240906_Gr3_EG_UG-_TLS082.jpg",2648891.98349031,1177551.7228110838,653.5171930908393,-0.00008317023221650277,0.7429198498441745,-0.669380375634722,0.000050053376545123434,-179.9967588844447,0.01064076233151872,84.03851997643622
"240906_Gr3_EG_UG- TLS083","240906_Gr3_EG_UG-_TLS083.jpg",2648893.493154757,1177557.7840607592,651.7090679784076,-0.000016827156590891248,0.9999928364714472,-0.0037850641443742997,-0.000003472621128772699,-179.99807025750275,-0.0003906316681072414,0.43373744363620903
"240906_Gr3_OG- 1","240906_Gr3_OG-_1.jpg",2648865.5272697625,1177551.9411607173,655.0594952098678,-0.00011072499413987301,-0.13568740488842718,0.9907516886403072,0.00008573796986221445,0.008012362540437294,-179.98609608604198,-15.59674128239375
"240906_Gr3_OG- 2","240906_Gr3_OG-_2.jpg",2648867.9175006924,1177551.226307126,655.7981364118539,-0.00010850623266059583,-0.09104873786023931,0.9958464315210527,0.000019678417759500763,0.001113523628176235,-179.98741243344762,-10.447886085217084
"240906_Gr3_OG- 4","240906_Gr3_OG-_4.jpg",2648869.72333663,1177550.7581424492,656.3210390857757,-0.00015711153010471293,-0.14650340672398135,0.9892101517373918,0.00005323458472317248,0.003396816823939761,-179.98129689612844,-16.84869537210416
"240906_Gr3_OG- 5","240906_Gr3_OG-_5.jpg",2648870.5638181358,1177550.4872193679,656.3174108938396,-0.0001231882269819232,-0.14732640326615043,0.9890879158136372,0.00010255123438520265,0.009543564538353472,-179.9843064003257,-16.944037619201808
"240906_Gr3_OG- 6","240906_Gr3_OG-_6.jpg",2648872.1032904866,1177550.662741614,656.3165398343831,-0.00012338058922102844,-0.476623342176516,0.8791075975534979,0.00007995896029752333,0.0013162514954787974,-179.98320372821337,-56.93019727231913
"240906_Gr3_OG- 7","240906_Gr3_OG-_7.jpg",2648871.945462957,1177549.3958005698,656.313924444029,-0.00016269723495279857,-0.21216147873202543,0.9772346087068108,-0.000004182876080536009,-0.004423891841306351,-179.9818823954258,-24.49810216754501
"240906_Gr3_OG- 8","240906_Gr3_OG-_8.jpg",2648874.5516296523,1177548.3884288087,656.3187954507137,-0.00015226625874027296,-0.17851701645447474,0.983936811779045,0.000045577048876291226,0.0020240099464729493,-179.98189950023496,-20.56678417303011
"240906_Gr3_OG- 9","240906_Gr3_OG-_9.jpg",2648875.058066007,1177549.7574452118,656.3299589479692,-0.00014992920869228414,0.1330223590353964,0.9911130254566567,0.0000169718308436055,0.004212951935475208,-179.9832307674237,15.288556799019817
"240906_Gr3_OG- 10","240906_Gr3_OG-_10.jpg",2648876.217706907,1177547.558204968,656.3186286155644,-0.00010285333057228317,0.4612815468691187,0.8872538101650393,0.00001693652761691684,0.007158688602412186,-179.9904379644044,54.939669603682795
"240906_Gr3_OG- 11","240906_Gr3_OG-_11.jpg",2648872.3102327012,1177557.3872557003,656.4467866286769,0.000008551270445087643,0.8006144837217593,-0.5991797934512375,0.00015330214971578303,179.98868960402356,0.013477362387561267,73.62235681366512
"240906_Gr3_OG- 12","240906_Gr3_OG-_12.jpg",2648874.102455906,1177556.4372961454,656.4710595024792,-0.00013304595684454697,0.19883652922480882,0.9800326142052819,-0.0003033785859213379,-0.03103901971626826,-179.97814600008934,22.937856710946075
"240906_Gr3_OG- 13","240906_Gr3_OG-_13.jpg",2648879.82254073,1177554.5653250723,656.4763063423461,0.00021686753584685504,0.1479946612781336,0.9889881239037583,0.00015485143479858053,0.013871423648421012,179.97279635212644,17.021461481721836
"240906_Gr3_OG- 14","240906_Gr3_OG-_14.jpg",2648884.124034981,1177552.9293182166,656.4695655353464,0.00023790405998307929,0.06288013985868897,0.9980210531733804,0.00009399843923438778,0.009035887106368632,179.97211484253387,7.21028810476778
"240906_Gr3_OG- 15","240906_Gr3_OG-_15.jpg",2648875.9301918517,1177547.0795632836,656.3598385178163,-0.00012468492346539553,0.15752514428883105,0.9875149682280886,-0.00002993209510967108,-0.001136448232353342,-179.98535023840546,18.126551658387612
"240906_Gr3_OG- 16","240906_Gr3_OG-_16.jpg",2648875.930226263,1177547.0795869874,656.3598132303732,-0.0001260940187280407,0.1575170932382508,0.987516252745285,0.0000014074935684980192,0.002435286834059283,-179.98575647664066,18.125617855508235
"240906_Gr3_OG- 17","240906_Gr3_OG-_17.jpg",2648875.9302269295,1177547.079580418,656.3597927435741,-0.000045107585270492945,0.15751597280059632,0.9875164384476484,0.000008582518270727892,0.0017853987255402077,-179.99505049282328,18.125487488094013
"240906_Gr3_OG- 18","240906_Gr3_OG-_18.jpg",2648875.3677193047,1177545.0577199867,656.4165046601966,-0.00012717744229524954,0.4922325665757352,0.8704637171060498,-0.00003781642164207839,0.003401427765865009,-179.9851812688374,58.974856247112776
"240906_Gr3_OG- 19","240906_Gr3_OG-_19.jpg",2648873.505018206,1177545.1636525465,656.4026935388799,-0.00009412236746858321,0.967926142651575,0.25123489133546745,-0.00005374270997426015,-179.99110752801604,-0.00867066164468171,-29.10119694639543
"240906_Gr3_OG- 20","240906_Gr3_OG-_20.jpg",2648871.4993806,1177546.0480121155,656.4129986800017,-0.00010382506972243265,0.9192751264931823,0.39361557414742754,-0.00010401869807431464,-179.9937547111396,-0.015640483627805582,-46.35931748240162
"240906_Gr3_OG- 21","240906_Gr3_OG-_21.jpg",2648869.7399996575,1177546.9433965115,656.4287939575986,-0.00009687073833909201,0.9973086097269208,0.0733179203939094,-0.0001006465538691193,-179.98977490031925,-0.012316075777672388,-8.4091592234521
"240906_Gr3_OG- TLS001","240906_Gr3_OG-_TLS001.jpg",2648878.160598477,1177554.0675145017,660.6796293268711,-0.00019162460341316678,0.6215268709715671,0.7833928154383416,0.00009305854518929367,0.02200172186952733,-179.98942561106048,76.85544531888098
"240906_Gr3_OG- TLS002","240906_Gr3_OG-_TLS002.jpg",2648876.2413632637,1177550.142394673,660.6941667469983,0.000268376417518941,0.8936758092948021,-0.44871309445857904,-0.00018632440918987743,179.9820967490241,-0.032880632165027,53.3222926585995
"240906_Gr3_OG- TLS003","240906_Gr3_OG-_TLS003.jpg",2648876.2415494323,1177550.1406644601,660.77383388905,-0.00006264294048108026,0.8335820085188798,-0.5523957079680579,0.00011387695396680383,179.9987753470803,0.014842984241365218,67.06304938384704
"240906_Gr3_OG- TLS004","240906_Gr3_OG-_TLS004.jpg",2648875.887644732,1177550.5131214778,658.4646950298097,-0.000025360211674067778,0.9764134443258367,0.21590918612479984,-0.0000918887510208754,-179.99943593149933,-0.010908762917708445,-24.937745486489483
"240906_Gr3_OG- TLS005","240906_Gr3_OG-_TLS005.jpg",2648876.2941737394,1177551.9538412527,658.4670342264953,0.000028429911140816372,0.9522766994471039,-0.3052360918848957,-0.00012285237428260576,-179.9988052870854,-0.014400410656016854,35.544737080504106
"240906_Gr3_OG- TLS006","240906_Gr3_OG-_TLS006.jpg",2648876.675812725,1177553.0299179472,658.4897283831153,-0.000030821579428408454,0.9352965238892562,-0.35386493325218354,-0.0001430563942128874,-179.9908957051934,-0.014082554701608914,41.447791170827784
"240906_Gr3_OG- TLS007","240906_Gr3_OG-_TLS007.jpg",2648876.9117041654,1177554.117037517,658.569009731158,0.00006138760091804059,0.8108352507566575,-0.5852744508545672,-0.00009766696400165793,-179.9991535410151,-0.01319182756480726,71.644762791794
"240906_Gr3_OG- TLS008","240906_Gr3_OG-_TLS008.jpg",2648877.4602200333,1177555.4227579264,658.553831288225,-0.00010507280325329562,-0.625052270562415,0.780582889045871,0.000036786915764310096,-0.004235390894625893,-179.98796653660608,-77.3720491664478
"240906_Gr3_OG- TLS009","240906_Gr3_OG-_TLS009.jpg",2648876.091131643,1177555.8464347578,658.5548951800854,0.000027825785356078878,0.9354652094145159,-0.3534187720975466,-0.00011282660989406844,-179.99841348122047,-0.013221519554253484,41.393131792204954
"240906_Gr3_OG- TLS010","240906_Gr3_OG-_TLS010.jpg",2648875.440805395,1177555.9684478678,658.5551823172085,0.000005164934264791511,0.9979996025974266,-0.06322008723955258,-0.00011729503618899801,-179.9997409313874,-0.01345155110903157,7.249322909434245
"240906_Gr3_OG- TLS011","240906_Gr3_OG-_TLS011.jpg",2648873.6803546087,1177556.6601747542,658.5500117159102,0.000014271164530717109,0.9816385600091949,-0.19075039576188843,-0.0001543246289656601,-179.99823204024455,-0.017671535511454686,21.993159875549022
"240906_Gr3_OG- TLS012","240906_Gr3_OG-_TLS012.jpg",2648873.0481599923,1177555.6789835554,658.3710328102469,-0.00002238425415611526,0.9130949827307527,0.40774690134296304,-0.0001282812670091776,179.99634827182751,-0.014468340887891468,-48.126754967488814
"240906_Gr3_OG- TLS013","240906_Gr3_OG-_TLS013.jpg",2648872.6592445113,1177554.4725022195,658.3629895197597,-0.000014622033576995562,0.9055455749050095,0.4242489908853652,-0.00007272483278187707,179.9979817539545,-0.00825735701939023,-50.20627277433837
"240906_Gr3_OG- TLS014","240906_Gr3_OG-_TLS014.jpg",2648871.949601277,1177553.4310837782,657.8074900112688,0.00017252572117498077,0.9885524571644217,-0.1508774456371224,-0.00007789144354541287,179.98180301288,-0.01180637047569999,17.355556897273505
"240906_Gr3_OG- TLS015","240906_Gr3_OG-_TLS015.jpg",2648871.681308304,1177552.2840870104,657.8114095502086,0.00023148798230353588,0.9972350545666332,-0.07431139111878027,0.00009750276762398846,179.9727164936083,0.009170875243159064,8.523317473971437
"240906_Gr3_OG- TLS016","240906_Gr3_OG-_TLS016.jpg",2648873.3475361946,1177552.813616086,658.4027214065229,-0.000046627745981078795,0.9816676748927525,0.19060052360940158,-0.00011956727152941561,-179.99736630012507,-0.01446862813213438,-21.975664122902874
"240906_Gr3_OG- TLS017","240906_Gr3_OG-_TLS017.jpg",2648874.3582984614,1177553.7659730136,658.400767659373,-0.0001719902524718046,0.2561856883670794,0.9666275712410324,-0.000044854226643824376,0.00008068496014518813,-179.97963232043543,29.68770872003975
"240906_Gr3_OG- TLS018","240906_Gr3_OG-_TLS018.jpg",2648877.3624085695,1177550.6340065268,658.4775659627783,-0.00008441805563894573,-0.4113641497200643,0.9114710725607165,0.00011438399179227631,0.007967681775407963,-179.98579086549185,-48.581114338092384
"240906_Gr3_OG- TLS019","240906_Gr3_OG-_TLS019.jpg",2648877.682826447,1177551.4197552674,658.4745362106559,-0.000030868649717485294,-0.37347053154323184,0.9276420355530912,0.00012243716704475342,0.011693992244413816,-179.9914787732911,-43.859627202388815
"240906_Gr3_OG- TLS020","240906_Gr3_OG-_TLS020.jpg",2648878.105377476,1177552.5069273817,658.4826969333043,-0.0000787743558910059,-0.21329194740200044,0.9769885012157342,0.00008637300725089377,0.007744498693809202,-179.98906976350906,-24.63067719513909
"240906_Gr3_OG- TLS021","240906_Gr3_OG-_TLS021.jpg",2648878.3996640434,1177553.624791924,658.5675185369932,-0.00004571227537506194,-0.33570171078394423,0.9419683427934339,0.000021496805008115583,0.0005619135484865761,-179.9942387912739,-39.23042853593129
"240906_Gr3_OG- TLS022","240906_Gr3_OG-_TLS022.jpg",2648878.8890261273,1177554.9802345918,658.5456141726969,-0.00008912130416582892,-0.36151458140669873,0.9323664508642828,0.000028115357036438406,-0.0006881034524241461,-179.98931344031212,-42.38648190173968
"240906_Gr3_OG- TLS023","240906_Gr3_OG-_TLS023.jpg",2648880.9040338695,1177554.5904413646,658.5111120287945,-0.00010284415281647278,0.6119812770312097,0.7908722284974374,-0.00015549220887044223,-0.006879593358504972,-179.97977517326976,75.46580128182138
"240906_Gr3_OG- TLS024","240906_Gr3_OG-_TLS024.jpg",2648879.571100064,1177552.969780558,658.3795690123288,0.00009937486766654685,0.9875688217027141,-0.15718716731283228,-0.00008341172789377923,179.99025647800428,-0.011229431501045854,18.087332963627492
"240906_Gr3_OG- TLS025","240906_Gr3_OG-_TLS025.jpg",2648882.2061999305,1177552.3843980832,658.3841135383836,0.000023718026232564307,0.983546800853106,-0.1806534806028303,-0.00009957489155514126,179.9993881683712,-0.011713699363209347,20.815651061294947
"240906_Gr3_OG- TLS026","240906_Gr3_OG-_TLS026.jpg",2648881.9409441487,1177551.279571145,658.3811859943094,-0.00013289098557496478,-0.5196333626961113,0.8543893432145082,0.00003024233734595254,-0.004952172824968289,-179.98518840263208,-62.61532409871155
"240906_Gr3_OG- TLS027","240906_Gr3_OG-_TLS027.jpg",2648881.4454964204,1177549.8462957456,658.3792748342988,-0.00009639788549189001,-0.20450642437887853,0.9788652166199492,-0.000028049845770012733,-0.005405399123683039,-179.98984441889533,-23.601214866849414
"240906_Gr3_OG- TLS028","240906_Gr3_OG-_TLS028.jpg",2648880.89439745,1177548.8352411045,658.3850349699968,-0.00015347619524996907,0.5784939730102043,0.8156866413993632,-0.000051754742286803685,0.005336460647245749,-179.98222360726064,70.68937448114065
"240906_Gr3_OG- TLS029","240906_Gr3_OG-_TLS029.jpg",2648879.7492985544,1177549.8900708142,658.3673769320682,-0.00005656877227459091,0.8636711265728032,0.5040557252807834,-0.00008795511446374756,-179.99948175550722,-0.011972309176021986,-60.53737900351031
"240906_Gr3_OG- TLS030","240906_Gr3_OG-_TLS030.jpg",2648878.501062614,1177550.4297450534,658.3789405001255,-0.00012702168359837233,-0.3180937742365625,0.9480592463826056,-0.0000024241942260694745,-0.004893413402959775,-179.98628878057926,-37.09536796207777
"240906_Gr3_OG- TLS031","240906_Gr3_OG-_TLS031.jpg",2648876.2022306523,1177544.6256001412,656.4221790379307,0.0000444128150783902,0.9999706077854161,-0.00766667036801116,-0.00006130444954982142,179.99496467396958,-0.007063784231580005,0.8785440087662397
"240906_Gr3_OG- TLS033","240906_Gr3_OG-_TLS033.jpg",2648878.2457931023,1177544.0121541987,656.4473094514789,0.000030177669154783463,0.9496660698191216,0.31326403245418044,-0.000029902472646377768,179.99564253247408,-0.002170797897227646,-36.51209368372432
"240906_Gr3_OG- TLS034","240906_Gr3_OG-_TLS034.jpg",2648878.6850730656,1177541.6383688955,656.8112256426369,0.00013382116931485557,0.9985615480661088,0.053617296586181716,-0.00004819232738869131,179.98439118369308,-0.004692280922522625,-6.147037975833999
"240906_Gr3_OG- TLS035","240906_Gr3_OG-_TLS035.jpg",2648877.3603525544,1177547.5311450073,656.3137387023136,-0.000501734720525033,0.8674956655149935,0.49744416970835226,-0.0005626705402378683,-179.98219754960306,-0.08453413967931507,-59.66210793311583
"240906_Gr3_OG- TLS036","240906_Gr3_OG-_TLS036.jpg",2648879.67125202,1177546.7249345772,656.7786524651376,-0.0006608160960233939,0.7796352672612873,0.626233311556253,-0.0005028536542816858,-179.97704821714746,-0.09234565263489823,-77.54554644292851
"240906_Gr3_OG- TLS037","240906_Gr3_OG-_TLS037.jpg",2648870.2629460585,1177551.3955321487,656.2872403765265,-0.0000947753151867633,0.06473630220644888,0.9979023726349784,0.00023850315656736,0.02797618635509557,-179.9909316021935,7.423427425167502
"240906_Gr3_OG- TLS038","240906_Gr3_OG-_TLS038.jpg",2648870.317071497,1177551.9361308406,656.3247146444206,0.00007482609330493167,-0.40335700762946747,0.9150426532113938,0.00024819571032596487,0.029483411448756394,-179.9963740466664,-47.576420140880515
"240906_Gr3_OG- TLS039","240906_Gr3_OG-_TLS039.jpg",2648870.689176597,1177552.4453275918,656.481256216928,0.000038170483767538095,-0.4342801645631513,0.9007777910548082,0.00032916931344694123,0.03587691187828482,-179.98755895710906,-51.47899608840904
"240906_Gr3_OG- TLS040","240906_Gr3_OG-_TLS040.jpg",2648870.6921122293,1177552.4446286077,656.4818670494266,-0.0000242998488026036,-0.43398436968459086,0.9009203714843045,0.00022477448411679655,0.021996785665251473,-179.9863130876171,-51.44136945972745
"240906_Gr3_OG- TLS042","240906_Gr3_OG-_TLS042.jpg",2648871.4744874416,1177554.5314529466,656.4789685094049,0.000006897026142923435,-0.40902943093577054,0.9125211487407588,0.00027871425652140064,0.02946764998283902,-179.98765749760628,-48.287758305243905
"240906_Gr3_OG- TLS043","240906_Gr3_OG-_TLS043.jpg",2648872.006093224,1177556.1685832497,656.4631237977728,0.000027991828431890863,-0.3724896216085674,0.9280363317775534,0.00021888633270868412,0.024472304286615107,-179.99363381396157,-43.73848148563289
"240906_Gr3_OG- TLS044","240906_Gr3_OG-_TLS044.jpg",2648872.2222320056,1177557.0439677613,656.4381389923886,-0.00008746454184136239,0.009745532844006286,0.9999524959914791,-0.00015066502957868233,-0.017166444470012178,-179.98980952180955,1.1167719706390182
"240906_Gr3_OG- TLS045","240906_Gr3_OG-_TLS045.jpg",2648873.117306307,1177556.7995347416,656.4450905551556,-0.0000943731471190717,-0.15211727479010706,0.9883624399022658,-0.00011486766299355038,-0.014654733178060597,-179.99131378583203,-17.49929274466368
"240906_Gr3_OG- TLS046","240906_Gr3_OG-_TLS046.jpg",2648875.1244860953,1177556.0787078298,656.4637856099273,0.00020487770240339913,0.9938618334820832,0.11062788602672102,-0.0002912147278450272,179.97297511163444,-0.030568676780368797,-12.703031421448124
"240906_Gr3_OG- TLS047","240906_Gr3_OG-_TLS047.jpg",2648874.9311163747,1177555.4949973167,656.4024957719874,0.00019122343061228408,0.9077645068611787,-0.4194800986325309,-0.0001018229969242817,179.98500304380462,-0.019783743308898538,49.60353524857649
"240906_Gr3_OG- TLS049","240906_Gr3_OG-_TLS049.jpg",2648873.935034648,1177554.9606994777,656.3417214224463,-0.0001258497699882531,0.2914994573403292,0.9565709744082852,-0.00014646403231906264,-0.011850842306460689,-179.98131258892812,33.895494094483844
"240906_Gr3_OG- TLS050","240906_Gr3_OG-_TLS050.jpg",2648872.1369184167,1177552.467224881,656.3965635188611,0.0002597824954574487,0.7780429061823799,-0.6282110712432687,-0.00013645408103962512,179.986661544677,-0.03086699913566272,77.83652357734023
"240906_Gr3_OG- TLS052","240906_Gr3_OG-_TLS052.jpg",2648876.7131006154,1177555.5256228168,656.5029130037971,0.0001274782613689786,0.9951036762787163,0.09883649951028105,-0.00005975308197271545,179.98478683904685,-0.005369875791369756,-11.344350609389256
"240906_Gr3_OG- TLS053","240906_Gr3_OG-_TLS053.jpg",2648878.4916272177,1177554.873739086,656.5053195627361,0.0000437843082847397,0.9960838280003972,0.08841379468016582,-0.0000811742743966837,179.9941799213342,-0.008821859296693185,-10.144721333234385
"240906_Gr3_OG- TLS055","240906_Gr3_OG-_TLS055.jpg",2648879.5282413247,1177553.870478394,656.4083755252585,0.00018117551160777662,-0.20905971488669386,0.9779028595796797,0.0000035795931297720184,0.004741454683643088,179.9797833324999,-24.134510909406302
"240906_Gr3_OG- TLS056","240906_Gr3_OG-_TLS056.jpg",2648879.7862512963,1177551.7664182887,656.34090903144,-0.000028242413066080796,0.8218149893866777,0.569754379799692,0.00026290836636152403,-179.98017528799164,0.022914966087120923,-69.46620611490712
"240906_Gr3_OG- TLS063","240906_Gr3_OG-_TLS063.jpg",2648881.3958543227,1177545.4162560496,656.4931363028155,0.00017645051842579996,-0.610766033627006,0.7918110969225202,-0.00008844831547463512,0.004324184494001301,179.97779940833547,-75.2898281915121
"240906_Gr3_OG- TLS048","240906_Gr3_OG-_TLS048.jpg",2648873.9260523324,1177555.0238495984,656.3537319285861,-0.00019213071239630971,0.26196844287109955,0.9650763997082047,-0.00020187057806984518,-0.016557147070449366,-179.97269231052638,30.373786653012484
"240906_Gr3_OG- TLS051","240906_Gr3_OG-_TLS051.jpg",2648873.3959997445,1177551.9413244633,656.4181044509845,0.00021889332418976198,0.9791572810022184,-0.20310324205268349,-0.0002102706457378456,179.98033329619935,-0.028687537063369815,23.436970427300864
"240906_Gr3_OG- TLS054","240906_Gr3_OG-_TLS054.jpg",2648878.0673057563,1177554.0482848985,656.5032300575119,-0.00011856680630714619,0.9467861621887756,-0.3218632447080405,0.00002712515479446429,-179.98813669997952,0.007315985599834608,37.55128656027285
"240906_Gr3_OG- TLS057","240906_Gr3_OG-_TLS057.jpg",2648881.3046388435,1177549.951394197,656.355323966839,0.00019399529123449374,0.35374384712143975,0.9353422851910754,0.0002500461703261974,0.01893672985864067,179.9690712447444,41.43295166338705
"240906_Gr3_OG- TLS058","240906_Gr3_OG-_TLS058.jpg",2648881.616709593,1177553.8425494377,656.524865087087,0.0000372314624604749,0.5390428214744216,0.8422783519557373,-0.00011426915719059046,-0.013328807856617953,-179.9965351277942,65.23700673139037
"240906_Gr3_OG- TLS059","240906_Gr3_OG-_TLS059.jpg",2648883.268119662,1177553.3397207009,656.5617310194503,-0.00006737264580297737,0.36360039952834294,0.9315550120285881,-0.00006699382730544645,-0.004344362559495222,-179.99001674800476,42.64294833443731
"240906_Gr3_OG- TLS060","240906_Gr3_OG-_TLS060.jpg",2648883.7335458477,1177551.9190375383,656.4994323318803,0.00002882346550854917,0.8085480209029601,0.5884301783394298,0.00014927337647758511,-179.99260519972373,0.015774134497048887,-72.09137769261706
"240906_Gr3_OG- TLS061","240906_Gr3_OG-_TLS061.jpg",2648882.9527438004,1177549.4301442762,656.4856635971828,-0.00011913153306298318,0.9989420228690841,-0.045987048897740204,0.00010994351784876025,-179.98694234677149,0.013213060933652737,5.271585372701986
"240906_Gr3_OG- TLS062","240906_Gr3_OG-_TLS062.jpg",2648881.8766529346,1177546.3378141916,656.474578075594,-0.00011221810000845714,0.9974098025163871,-0.07192816798426979,0.00010909512613246745,-179.98807326194918,0.013393941743723534,8.249483409458545
